date,trade_type,trade_value_mn_usd,exchange_rate_usd_zwl,inflation_rate_mom_pct,inflation_rate_yoy_pct,gdp_proxy_bn_usd,interest_rate_pct,commodity_price_index,fuel_price_usd_litre,num_partners,top_partner_share,trade_concentration_hhi,regional_trade_share_sadc,lag_1,lag_3,lag_6,lag_12,rolling_mean_3,rolling_std_3,growth_rate_mom,month,quarter,year,covid_dummy,currency_crisis,policy_change,drought_indicator
2015-01,export,237.1113,1.0132,0.187,2.4,19.864,9.25,100.19,0.932,11,0.216,0.1313,0.3994,,,,,,,,1,1,2015,0,0,0,0
2015-01,import,581.6868,1.0132,0.187,2.4,19.864,9.25,100.19,0.932,11,0.3909,0.2199,0.4877,,,,,,,,1,1,2015,0,0,0,0
2015-02,export,332.9287,0.9967,0.19,2.4,19.934,12.57,103.67,0.962,11,0.2524,0.1343,0.4304,237.1113,,,,,,0.4041,2,1,2015,0,0,0,0
2015-02,import,477.6423,0.9967,0.19,2.4,19.934,12.57,103.67,0.962,11,0.3775,0.2075,0.4737,581.6868,,,,,,-0.1789,2,1,2015,0,0,0,0
2015-03,export,364.4157,0.9854,0.148,2.4,19.722,9.67,110.71,0.99,11,0.2141,0.1263,0.4405,332.9287,,,,311.4852,66.3058,0.0946,3,1,2015,0,0,0,0
2015-03,import,505.0606,0.9854,0.148,2.4,19.722,9.67,110.71,0.99,11,0.3654,0.1987,0.5009,477.6423,,,,521.4632,53.9268,0.0574,3,1,2015,0,0,0,0
2015-04,export,383.522,1.0062,0.243,2.4,20.076,8.7,109.12,1.0,11,0.2387,0.1349,0.4502,364.4157,237.1113,,,360.2888,25.5478,0.0524,4,2,2015,0,0,0,0
2015-04,import,509.559,1.0062,0.243,2.4,20.076,8.7,109.12,1.0,11,0.3929,0.2149,0.5056,505.0606,581.6868,,,497.4206,17.2756,0.0089,4,2,2015,0,0,0,0
2015-05,export,283.1863,1.0265,0.227,2.4,19.804,9.7,111.31,0.831,11,0.2823,0.1476,0.4565,383.522,332.9287,,,343.708,53.2768,-0.2616,5,2,2015,0,0,0,0
2015-05,import,475.8001,1.0265,0.227,2.4,19.804,9.7,111.31,0.831,11,0.3873,0.2134,0.497,509.559,477.6423,,,496.8066,18.3306,-0.0663,5,2,2015,0,0,0,0
2015-06,export,254.6289,0.9861,0.196,2.4,19.804,13.06,109.89,0.911,11,0.305,0.1549,0.4869,283.1863,364.4157,,,307.1124,67.6956,-0.1008,6,2,2015,0,0,0,0
2015-06,import,487.6954,0.9861,0.196,2.4,19.804,13.06,109.89,0.911,11,0.3672,0.1981,0.4849,475.8001,505.0606,,,491.0182,17.123,0.025,6,2,2015,0,0,0,0
2015-07,export,284.1022,0.9813,0.206,2.4,20.063,13.99,100.16,0.96,11,0.2386,0.1308,0.4466,254.6289,383.522,237.1113,,273.9725,16.7583,0.1158,7,3,2015,0,0,0,0
2015-07,import,574.4682,0.9813,0.206,2.4,20.063,13.99,100.16,0.96,11,0.3928,0.2124,0.5147,487.6954,509.559,581.6868,,512.6546,53.8616,0.1779,7,3,2015,0,0,0,0
2015-08,export,310.6522,0.9893,0.135,2.4,20.21,13.81,96.98,0.793,11,0.2494,0.135,0.4354,284.1022,283.1863,332.9287,,283.1278,28.0244,0.0935,8,3,2015,0,0,0,0
2015-08,import,587.8631,0.9893,0.135,2.4,20.21,13.81,96.98,0.793,11,0.3643,0.1956,0.5074,574.4682,475.8001,477.6423,,550.0089,54.379,0.0233,8,3,2015,0,0,0,0
2015-09,export,347.0652,1.0286,0.185,2.4,19.238,10.78,93.52,0.882,11,0.2463,0.1348,0.4656,310.6522,254.6289,364.4157,,313.9399,31.6099,0.1172,9,3,2015,0,0,0,0
2015-09,import,500.7341,1.0286,0.185,2.4,19.238,10.78,93.52,0.882,11,0.3548,0.1991,0.4635,587.8631,487.6954,505.0606,,554.3551,46.9177,-0.1482,9,3,2015,0,0,0,0
2015-10,export,318.4886,1.0436,0.24,2.4,20.008,12.68,93.59,0.856,11,0.2877,0.1487,0.4865,347.0652,284.1022,383.522,,325.402,19.1656,-0.0823,10,4,2015,0,0,0,0
2015-10,import,521.3924,1.0436,0.24,2.4,20.008,12.68,93.59,0.856,11,0.3607,0.2064,0.4667,500.7341,574.4682,509.559,,536.6632,45.5276,0.0413,10,4,2015,0,0,0,0
2015-11,export,241.3658,1.0109,0.229,2.4,19.819,9.43,93.27,0.867,11,0.2264,0.137,0.4001,318.4886,310.6522,283.1863,,302.3065,54.6762,-0.2422,11,4,2015,0,0,0,0
2015-11,import,471.3955,1.0109,0.229,2.4,19.819,9.43,93.27,0.867,11,0.3896,0.2152,0.4998,521.3924,587.8631,475.8001,,497.8407,25.1237,-0.0959,11,4,2015,0,0,0,0
2015-12,export,242.5332,1.0174,0.21,2.4,20.184,10.05,102.96,0.797,11,0.2422,0.1357,0.4262,241.3658,347.0652,254.6289,,267.4625,44.1937,0.0048,12,4,2015,0,0,0,0
2015-12,import,506.7024,1.0174,0.21,2.4,20.184,10.05,102.96,0.797,11,0.389,0.2181,0.4976,471.3955,500.7341,487.6954,,499.8301,25.6972,0.0749,12,4,2015,0,0,0,0
2016-01,export,236.8089,0.9811,-0.134,-1.6,19.825,14.27,96.63,0.753,11,0.2368,0.1389,0.4151,242.5332,318.4886,284.1022,237.1113,240.236,3.0248,-0.0236,1,1,2016,0,0,0,1
2016-01,import,548.9232,0.9811,-0.134,-1.6,19.825,14.27,96.63,0.753,11,0.3496,0.19,0.4487,506.7024,521.3924,574.4682,581.6868,509.007,38.8152,0.0833,1,1,2016,0,0,0,1
2016-02,export,318.9124,1.0282,-0.117,-1.6,20.39,8.09,123.21,0.719,11,0.2056,0.1187,0.3946,236.8089,241.3658,310.6522,332.9287,266.0848,45.8395,0.3467,2,1,2016,0,0,0,1
2016-02,import,422.7826,1.0282,-0.117,-1.6,20.39,8.09,123.21,0.719,11,0.3464,0.1977,0.4603,548.9232,471.3955,587.8631,477.6423,492.8027,64.2088,-0.2298,2,1,2016,0,0,0,1
2016-03,export,340.3526,1.0202,-0.139,-1.6,19.897,8.6,112.79,0.853,11,0.2364,0.1435,0.4006,318.9124,242.5332,347.0652,364.4157,298.6913,54.6534,0.0672,3,1,2016,0,0,0,1
2016-03,import,436.8878,1.0202,-0.139,-1.6,19.897,8.6,112.79,0.853,11,0.3642,0.204,0.4583,422.7826,506.7024,500.7341,505.0606,469.5312,69.1162,0.0334,3,1,2016,0,0,0,1
2016-04,export,323.7404,0.984,-0.167,-1.6,19.531,9.46,119.91,0.849,11,0.2699,0.1487,0.4529,340.3526,236.8089,318.4886,383.522,327.6685,11.2469,-0.0488,4,2,2016,0,0,0,0
2016-04,import,447.523,0.984,-0.167,-1.6,19.531,9.46,119.91,0.849,11,0.3811,0.2097,0.4905,436.8878,548.9232,521.3924,509.559,435.7311,12.4107,0.0243,4,2,2016,0,0,0,0
2016-05,export,282.4664,0.9532,-0.133,-1.6,20.615,8.19,113.36,0.798,11,0.2552,0.1373,0.4499,323.7404,318.9124,241.3658,283.1863,315.5198,29.8058,-0.1275,5,2,2016,0,0,0,0
2016-05,import,439.2723,0.9532,-0.133,-1.6,20.615,8.19,113.36,0.798,11,0.3736,0.2034,0.4974,447.523,422.7826,471.3955,475.8001,441.2277,5.5807,-0.0184,5,2,2016,0,0,0,0
2016-06,export,247.0383,0.9721,-0.125,-1.6,20.147,9.27,115.71,0.746,11,0.2556,0.1401,0.4238,282.4664,340.3526,242.5332,254.6289,284.415,38.3882,-0.1254,6,2,2016,0,0,0,0
2016-06,import,475.1642,0.9721,-0.125,-1.6,20.147,9.27,115.71,0.746,11,0.3592,0.2024,0.4784,439.2723,436.8878,506.7024,487.6954,453.9865,18.7987,0.0817,6,2,2016,0,0,0,0
2016-07,export,263.0232,0.9906,-0.111,-1.6,20.026,12.08,108.66,0.681,11,0.232,0.1327,0.414,247.0383,323.7404,236.8089,284.1022,264.176,17.7422,0.0647,7,3,2016,0,0,0,0
2016-07,import,496.3406,0.9906,-0.111,-1.6,20.026,12.08,108.66,0.681,11,0.4089,0.2261,0.517,475.1642,447.523,548.9232,574.4682,470.259,28.8486,0.0446,7,3,2016,0,0,0,0
2016-08,export,313.527,1.048,-0.162,-1.6,20.605,10.95,99.37,0.78,11,0.2425,0.1363,0.4165,263.0232,282.4664,318.9124,310.6522,274.5295,34.7057,0.192,8,3,2016,0,0,0,0
2016-08,import,512.9487,1.048,-0.162,-1.6,20.605,10.95,99.37,0.78,11,0.3887,0.2184,0.4941,496.3406,439.2723,422.7826,587.8631,494.8178,18.9382,0.0335,8,3,2016,0,0,0,0
2016-09,export,316.663,1.0618,-0.136,-1.6,20.628,14.25,102.3,0.687,11,0.2242,0.1257,0.4453,313.527,247.0383,340.3526,347.0652,297.7377,30.1045,0.01,9,3,2016,0,0,0,0
2016-09,import,514.9515,1.0618,-0.136,-1.6,20.628,14.25,102.3,0.687,11,0.3734,0.2111,0.4674,512.9487,475.1642,436.8878,500.7341,508.0803,10.2161,0.0039,9,3,2016,0,0,0,0
2016-10,export,289.1165,1.0029,-0.135,-1.6,21.047,13.72,96.16,0.696,11,0.2125,0.1245,0.4142,316.663,263.0232,323.7404,318.4886,306.4355,15.0804,-0.087,10,4,2016,0,0,0,0
2016-10,import,482.0408,1.0029,-0.135,-1.6,21.047,13.72,96.16,0.696,11,0.3606,0.212,0.4655,514.9515,496.3406,447.523,521.3924,503.3137,18.45,-0.0639,10,4,2016,0,0,0,0
2016-11,export,247.0001,1.0057,-0.155,-1.6,21.168,10.39,101.03,0.692,11,0.221,0.1305,0.4194,289.1165,313.527,282.4664,241.3658,284.2599,35.0845,-0.1457,11,4,2016,0,0,0,0
2016-11,import,459.0567,1.0057,-0.155,-1.6,21.168,10.39,101.03,0.692,11,0.3538,0.1958,0.4637,482.0408,512.9487,439.2723,471.3955,485.3497,28.0939,-0.0477,11,4,2016,0,0,0,0
2016-12,export,221.3512,1.028,-0.124,-1.6,21.029,9.82,99.99,0.701,11,0.2803,0.1528,0.4384,247.0001,316.663,247.0383,242.5332,252.4893,34.2145,-0.1038,12,4,2016,0,0,0,0
2016-12,import,464.1086,1.028,-0.124,-1.6,21.029,9.82,99.99,0.701,11,0.3687,0.2036,0.4765,459.0567,514.9515,475.1642,506.7024,468.4021,12.0786,0.011,12,4,2016,0,0,0,0
2017-01,export,268.2023,1.0204,0.083,0.9,20.735,10.66,109.95,0.662,11,0.2292,0.1377,0.4034,221.3512,289.1165,263.0232,236.8089,245.5179,23.4606,0.2117,1,1,2017,0,0,0,0
2017-01,import,541.5273,1.0204,0.083,0.9,20.735,10.66,109.95,0.662,11,0.3696,0.2115,0.4613,464.1086,482.0408,496.3406,548.9232,488.2309,46.2251,0.1668,1,1,2017,0,0,0,0
2017-02,export,335.5432,1.0513,0.072,0.9,21.177,12.13,124.51,0.706,11,0.228,0.1328,0.4547,268.2023,247.0001,313.527,318.9124,275.0322,57.4016,0.2511,2,1,2017,0,0,0,0
2017-02,import,468.2424,1.0513,0.072,0.9,21.177,12.13,124.51,0.706,11,0.3332,0.1928,0.4222,541.5273,459.0567,512.9487,422.7826,491.2928,43.5534,-0.1353,2,1,2017,0,0,0,0
2017-03,export,363.1273,1.0093,0.098,0.9,21.231,9.88,125.16,0.677,11,0.208,0.1294,0.4054,335.5432,221.3512,316.663,340.3526,322.2909,48.8304,0.0822,3,1,2017,0,0,0,0
2017-03,import,455.8293,1.0093,0.098,0.9,21.231,9.88,125.16,0.677,11,0.3956,0.2188,0.5083,468.2424,464.1086,514.9515,436.8878,488.533,46.3122,-0.0265,3,1,2017,0,0,0,0
2017-04,export,373.5237,1.0574,0.071,0.9,21.443,12.37,124.57,0.748,11,0.2302,0.1327,0.4215,363.1273,268.2023,289.1165,323.7404,357.3981,19.6277,0.0286,4,2,2017,0,0,0,0
2017-04,import,473.1797,1.0574,0.071,0.9,21.443,12.37,124.57,0.748,11,0.3822,0.2085,0.4974,455.8293,541.5273,482.0408,447.523,465.7505,8.9396,0.0381,4,2,2017,0,0,0,0
2017-05,export,283.1513,1.0234,0.07,0.9,21.101,10.87,120.35,0.768,11,0.2425,0.1368,0.4395,373.5237,335.5432,247.0001,282.4664,339.9341,49.4493,-0.2419,5,2,2017,0,0,0,0
2017-05,import,454.974,1.0234,0.07,0.9,21.101,10.87,120.35,0.768,11,0.3723,0.2067,0.4957,473.1797,468.2424,459.0567,439.2723,461.3277,10.2731,-0.0385,5,2,2017,0,0,0,0
2017-06,export,268.16,1.06,0.07,0.9,21.334,11.86,118.45,0.726,11,0.2072,0.1298,0.4167,283.1513,363.1273,221.3512,247.0383,308.2784,56.9991,-0.0529,6,2,2017,0,0,0,0
2017-06,import,472.2532,1.06,0.07,0.9,21.334,11.86,118.45,0.726,11,0.3755,0.2128,0.4729,454.974,455.8293,464.1086,475.1642,466.8023,10.2541,0.038,6,2,2017,0,0,0,0
2017-07,export,290.1583,1.0278,0.066,0.9,21.698,11.05,113.39,0.748,11,0.2161,0.1244,0.3992,268.16,373.5237,268.2023,263.0232,280.4899,11.238,0.082,7,3,2017,0,0,0,0
2017-07,import,511.8233,1.0278,0.066,0.9,21.698,11.05,113.39,0.748,11,0.3431,0.1918,0.4322,472.2532,473.1797,541.5273,496.3406,479.6835,29.1439,0.0838,7,3,2017,0,0,0,0
2017-08,export,318.4918,1.0199,0.069,0.9,22.011,10.06,108.81,0.835,11,0.22,0.1333,0.4127,290.1583,283.1513,335.5432,313.527,292.27,25.2322,0.0976,8,3,2017,0,0,0,0
2017-08,import,594.5972,1.0199,0.069,0.9,22.011,10.06,108.81,0.835,11,0.3709,0.2086,0.4694,511.8233,454.974,468.2424,512.9487,526.2246,62.4304,0.1617,8,3,2017,0,0,0,0
2017-09,export,359.9911,1.1015,0.059,0.9,22.017,14.64,98.74,0.675,11,0.2325,0.1326,0.4342,318.4918,268.16,363.1273,316.663,322.8804,35.1226,0.1303,9,3,2017,0,0,0,0
2017-09,import,495.0425,1.1015,0.059,0.9,22.017,14.64,98.74,0.675,11,0.3771,0.214,0.4844,594.5972,472.2532,455.8293,514.9515,533.821,53.2983,-0.1674,9,3,2017,0,0,0,0
2017-10,export,310.0741,1.0779,0.073,0.9,21.843,13.35,104.53,0.676,11,0.2314,0.1431,0.4256,359.9911,290.1583,373.5237,289.1165,329.519,26.7231,-0.1387,10,4,2017,0,0,0,0
2017-10,import,474.3542,1.0779,0.073,0.9,21.843,13.35,104.53,0.676,11,0.3715,0.2127,0.4875,495.0425,511.8233,473.1797,482.0408,521.3313,64.2878,-0.0418,10,4,2017,0,0,0,0
2017-11,export,268.5238,0.9909,0.076,0.9,21.763,8.98,99.52,0.776,11,0.2414,0.1421,0.3844,310.0741,318.4918,283.1513,247.0001,312.863,45.7974,-0.134,11,4,2017,0,0,0,0
2017-11,import,481.512,0.9909,0.076,0.9,21.763,8.98,99.52,0.776,11,0.3481,0.1957,0.447,474.3542,594.5972,454.974,459.0567,483.6362,10.5065,0.0151,11,4,2017,0,0,0,0
2017-12,export,261.0532,1.0359,0.049,0.9,22.121,14.08,115.22,0.843,11,0.236,0.1375,0.4371,268.5238,359.9911,268.16,221.3512,279.8837,26.4111,-0.0278,12,4,2017,0,0,0,0
2017-12,import,476.6647,1.0359,0.049,0.9,22.121,14.08,115.22,0.843,11,0.3635,0.2022,0.4853,481.512,495.0425,472.2532,464.1086,477.5103,3.6531,-0.0101,12,4,2017,0,0,0,0
2018-01,export,283.5878,1.088,0.87,10.6,21.673,11.41,112.03,0.737,11,0.2407,0.1394,0.3724,261.0532,310.0741,290.1583,268.2023,271.0549,11.4785,0.0863,1,1,2018,0,0,0,0
2018-01,import,618.4234,1.088,0.87,10.6,21.673,11.41,112.03,0.737,11,0.4211,0.2361,0.5236,476.6647,474.3542,511.8233,541.5273,525.5334,80.4816,0.2974,1,1,2018,0,0,0,0
2018-02,export,366.4944,1.1294,0.889,10.6,21.855,14.26,122.72,0.841,11,0.2195,0.1353,0.4095,283.5878,268.5238,318.4918,335.5432,303.7118,55.5265,0.2923,2,1,2018,0,0,0,0
2018-02,import,475.9789,1.1294,0.889,10.6,21.855,14.26,122.72,0.841,11,0.3274,0.186,0.4568,618.4234,481.512,594.5972,468.2424,523.689,82.0431,-0.2303,2,1,2018,0,0,0,0
2018-03,export,421.9855,1.3372,0.952,10.6,22.653,13.6,130.37,0.763,11,0.2291,0.1404,0.4166,366.4944,261.0532,359.9911,363.1273,357.3559,69.65,0.1514,3,1,2018,0,0,0,0
2018-03,import,501.2501,1.3372,0.952,10.6,22.653,13.6,130.37,0.763,11,0.3802,0.2095,0.4702,475.9789,476.6647,495.0425,455.8293,531.8841,76.0029,0.0531,3,1,2018,0,0,0,0
2018-04,export,404.0357,1.4873,1.043,10.6,22.421,10.98,127.36,0.728,11,0.2251,0.1326,0.4663,421.9855,283.5878,310.0741,373.5237,397.5052,28.3161,-0.0425,4,2,2018,0,0,0,0
2018-04,import,520.5297,1.4873,1.043,10.6,22.421,10.98,127.36,0.728,11,0.3703,0.2183,0.4775,501.2501,618.4234,474.3542,473.1797,499.2529,22.3424,0.0385,4,2,2018,0,0,0,0
2018-05,export,337.0671,1.5927,0.996,10.6,22.296,8.16,128.55,0.717,11,0.219,0.1245,0.4401,404.0357,366.4944,268.5238,283.1513,387.6961,44.7551,-0.1657,5,2,2018,0,0,0,0
2018-05,import,531.7184,1.5927,0.996,10.6,22.296,8.16,128.55,0.717,11,0.3769,0.2119,0.4904,520.5297,475.9789,481.512,454.974,517.8327,15.4122,0.0215,5,2,2018,0,0,0,0
2018-06,export,302.4033,1.8145,0.801,10.6,22.749,9.88,128.95,0.802,11,0.2252,0.1381,0.3939,337.0671,421.9855,261.0532,268.16,347.8354,51.6648,-0.1028,6,2,2018,0,0,0,0
2018-06,import,533.0031,1.8145,0.801,10.6,22.749,9.88,128.95,0.802,11,0.3395,0.2026,0.4481,531.7184,501.2501,476.6647,472.2532,528.4171,6.8608,0.0024,6,2,2018,0,0,0,0
2018-07,export,321.743,1.8979,0.786,10.6,22.986,11.79,119.89,0.729,11,0.2414,0.1435,0.4102,302.4033,404.0357,283.5878,290.1583,320.4045,17.3706,0.064,7,3,2018,0,0,0,0
2018-07,import,578.3329,1.8979,0.786,10.6,22.986,11.79,119.89,0.729,11,0.3624,0.1996,0.4806,533.0031,520.5297,618.4234,511.8233,547.6848,26.5498,0.085,7,3,2018,0,0,0,0
2018-08,export,390.3908,2.3791,0.96,10.6,22.567,12.43,113.48,0.783,11,0.2265,0.1368,0.3998,321.743,337.0671,366.4944,318.4918,338.179,46.2391,0.2134,8,3,2018,0,0,0,0
2018-08,import,605.9129,2.3791,0.96,10.6,22.567,12.43,113.48,0.783,11,0.3633,0.1973,0.4837,578.3329,531.7184,475.9789,594.5972,572.4163,36.8132,0.0477,8,3,2018,0,0,0,0
2018-09,export,397.9832,2.497,0.811,10.6,22.672,9.81,101.34,0.863,11,0.2374,0.1368,0.4341,390.3908,302.4033,421.9855,359.9911,370.039,41.9975,0.0194,9,3,2018,0,0,0,0
2018-09,import,516.2887,2.497,0.811,10.6,22.672,9.81,101.34,0.863,11,0.3804,0.2149,0.4727,605.9129,533.0031,501.2501,495.0425,566.8448,45.9032,-0.1479,9,3,2018,0,0,0,0
2018-10,export,370.3952,2.8797,0.721,10.6,22.734,8.98,103.16,0.772,11,0.2169,0.1341,0.3992,397.9832,321.743,404.0357,310.0741,386.2564,14.2511,-0.0693,10,4,2018,0,0,0,0
2018-10,import,532.9414,2.8797,0.721,10.6,22.734,8.98,103.16,0.772,11,0.3428,0.1923,0.4597,516.2887,578.3329,520.5297,474.3542,551.7143,47.6702,0.0323,10,4,2018,0,0,0,0
2018-11,export,295.174,3.1949,1.198,10.6,23.289,13.84,113.11,0.857,11,0.2083,0.1262,0.4078,370.3952,390.3908,337.0671,268.5238,354.5175,53.2119,-0.2031,11,4,2018,0,0,0,0
2018-11,import,506.9467,3.1949,1.198,10.6,23.289,13.84,113.11,0.857,11,0.3237,0.1859,0.4377,532.9414,605.9129,531.7184,481.512,518.7256,13.1676,-0.0488,11,4,2018,0,0,0,0
2018-12,export,308.74,3.6426,0.842,10.6,23.392,14.89,116.01,0.735,11,0.2223,0.1378,0.4147,295.174,397.9832,302.4033,261.0532,324.7697,40.0908,0.046,12,4,2018,0,0,0,0
2018-12,import,578.674,3.6426,0.842,10.6,23.392,14.89,116.01,0.735,11,0.3976,0.222,0.5037,506.9467,516.2887,533.0031,476.6647,539.5207,36.3134,0.1415,12,4,2018,0,0,0,0
2019-01,export,354.5381,3.4545,19.276,255.3,23.516,52.13,123.04,0.773,11,0.2253,0.1394,0.4112,308.74,370.3952,321.743,283.5878,319.484,31.1063,0.1483,1,1,2019,0,0,0,1
2019-01,import,683.3956,3.4545,19.276,255.3,23.516,52.13,123.04,0.773,11,0.3568,0.2036,0.4558,578.674,532.9414,578.3329,618.4234,589.6721,88.7371,0.181,1,1,2019,0,0,0,1
2019-02,export,440.7245,4.0195,14.279,255.3,23.257,37.16,129.11,0.734,11,0.2346,0.1406,0.3996,354.5381,295.174,390.3908,366.4944,368.0009,67.0143,0.2431,2,1,2019,0,1,1,1
2019-02,import,465.3148,4.0195,14.279,255.3,23.257,37.16,129.11,0.734,11,0.3761,0.2127,0.477,683.3956,506.9467,605.9129,475.9789,575.7948,109.0689,-0.3191,2,1,2019,0,1,1,1
2019-03,export,505.7949,4.6367,23.992,255.3,22.319,33.31,136.54,0.812,11,0.2079,0.128,0.4187,440.7245,308.74,397.9832,421.9855,433.6858,75.8736,0.1476,3,1,2019,0,1,0,1
2019-03,import,542.8617,4.6367,23.992,255.3,22.319,33.31,136.54,0.812,11,0.3503,0.1959,0.4601,465.3148,578.674,516.2887,501.2501,563.8574,110.546,0.1667,3,1,2019,0,1,0,1
2019-04,export,514.1456,5.3415,18.122,255.3,22.748,40.64,132.37,0.852,11,0.2419,0.1484,0.414,505.7949,354.5381,370.3952,404.0357,486.8883,40.1964,0.0165,4,2,2019,0,1,0,0
2019-04,import,528.6583,5.3415,18.122,255.3,22.748,40.64,132.37,0.852,11,0.3702,0.2153,0.4722,542.8617,683.3956,532.9414,520.5297,512.2783,41.2869,-0.0262,4,2,2019,0,1,0,0
2019-05,export,404.6828,6.1472,21.366,255.3,22.201,38.62,132.71,0.82,11,0.1961,0.1189,0.4028,514.1456,440.7245,295.174,337.0671,474.8744,60.9309,-0.2129,5,2,2019,0,1,0,0
2019-05,import,508.2881,6.1472,21.366,255.3,22.201,38.62,132.71,0.82,11,0.3993,0.2299,0.4956,528.6583,465.3148,506.9467,531.7184,526.6027,17.3782,-0.0385,5,2,2019,0,1,0,0
2019-06,export,370.5835,6.6848,24.366,255.3,22.219,38.89,124.14,0.882,11,0.2244,0.1321,0.3491,404.6828,505.7949,308.74,302.4033,429.804,75.0054,-0.0843,6,2,2019,0,1,0,0
2019-06,import,540.781,6.6848,24.366,255.3,22.219,38.89,124.14,0.882,11,0.3477,0.1908,0.4502,508.2881,542.8617,578.674,533.0031,525.9091,16.4199,0.0639,6,2,2019,0,1,0,0
2019-07,export,391.588,7.5869,18.172,255.3,22.278,37.01,117.56,0.788,11,0.225,0.1411,0.4071,370.5835,514.1456,354.5381,321.743,388.9514,17.2018,0.0567,7,3,2019,0,1,0,0
2019-07,import,615.1333,7.5869,18.172,255.3,22.278,37.01,117.56,0.788,11,0.341,0.2018,0.4584,540.781,528.6583,683.3956,578.3329,554.7341,54.7722,0.1375,7,3,2019,0,1,0,0
2019-08,export,455.0424,9.1967,21.529,255.3,22.332,31.26,110.52,0.84,11,0.2229,0.1382,0.4079,391.588,404.6828,440.7245,390.3908,405.738,43.9715,0.162,8,3,2019,0,1,0,0
2019-08,import,637.7631,9.1967,21.529,255.3,22.332,31.26,110.52,0.84,11,0.3854,0.2138,0.4921,615.1333,508.2881,465.3148,605.9129,597.8924,50.7377,0.0368,8,3,2019,0,1,0,0
2019-09,export,464.1197,9.4697,26.138,255.3,21.669,30.54,109.58,0.807,11,0.2308,0.1438,0.4065,455.0424,370.5835,505.7949,397.9832,436.9167,39.5173,0.0199,9,3,2019,0,1,0,0
2019-09,import,535.2343,9.4697,26.138,255.3,21.669,30.54,109.58,0.807,11,0.3885,0.2154,0.4754,637.7631,540.781,542.8617,516.2887,596.0435,53.8642,-0.1608,9,3,2019,0,1,0,0
2019-10,export,397.1287,12.055,13.435,255.3,21.093,59.63,118.14,0.856,11,0.2066,0.1306,0.4054,464.1197,391.588,514.1456,370.3952,438.7636,36.3414,-0.1443,10,4,2019,0,1,0,0
2019-10,import,563.4822,12.055,13.435,255.3,21.093,59.63,118.14,0.856,11,0.3697,0.2334,0.4538,535.2343,615.1333,528.6583,532.9414,578.8265,52.9587,0.0528,10,4,2019,0,1,0,0
2019-11,export,353.8585,13.022,18.688,255.3,21.7,42.83,107.75,0.867,11,0.2347,0.1365,0.4153,397.1287,455.0424,404.6828,295.174,405.0356,55.5542,-0.109,11,4,2019,0,1,0,0
2019-11,import,575.2105,13.022,18.688,255.3,21.7,42.83,107.75,0.867,11,0.3649,0.2106,0.4831,563.4822,637.7631,508.2881,506.9467,557.9757,20.5491,0.0208,11,4,2019,0,1,0,0
2019-12,export,347.7934,14.9979,18.388,255.3,22.293,41.53,117.56,0.875,11,0.2336,0.1386,0.4438,353.8585,464.1197,370.5835,308.74,366.2602,26.9044,-0.0171,12,4,2019,0,1,0,0
2019-12,import,634.0786,14.9979,18.388,255.3,22.293,41.53,117.56,0.875,11,0.3753,0.2106,0.4824,575.2105,535.2343,540.781,578.674,590.9238,37.8304,0.1023,12,4,2019,0,1,0,0
2020-01,export,413.8004,14.6929,45.132,557.2,21.439,50.39,120.02,0.796,11,0.2262,0.1387,0.4084,347.7934,397.1287,391.588,354.5381,371.8174,36.4846,0.1898,1,1,2020,0,1,0,0
2020-01,import,610.1685,14.6929,45.132,557.2,21.439,50.39,120.02,0.796,11,0.4054,0.2323,0.4899,634.0786,563.4822,615.1333,683.3956,606.4859,29.6063,-0.0377,1,1,2020,0,1,0,0
2020-02,export,514.3754,17.4795,46.1,557.2,21.36,36.55,129.21,0.814,11,0.2034,0.1266,0.3741,413.8004,353.8585,455.0424,440.7245,425.3231,83.8867,0.2431,2,1,2020,0,1,0,0
2020-02,import,519.9766,17.4795,46.1,557.2,21.36,36.55,129.21,0.814,11,0.3754,0.2119,0.4597,610.1685,575.2105,637.7631,465.3148,588.0746,60.1741,-0.1478,2,1,2020,0,1,0,0
2020-03,export,575.9962,21.2068,39.042,557.2,21.726,58.5,123.39,0.831,11,0.2114,0.1301,0.3627,514.3754,347.7934,464.1197,505.7949,501.3907,81.8738,0.1198,3,1,2020,1,1,0,0
2020-03,import,429.7138,21.2068,39.042,557.2,21.726,58.5,123.39,0.831,11,0.3589,0.2009,0.4582,519.9766,634.0786,535.2343,542.8617,519.953,90.2274,-0.1736,3,1,2020,1,1,0,0
2020-04,export,546.9918,24.3903,41.876,557.2,21.213,53.59,122.08,0.863,11,0.2134,0.131,0.3856,575.9962,413.8004,397.1287,514.1456,545.7878,30.8281,-0.0504,4,2,2020,1,1,0,0
2020-04,import,430.6573,24.3903,41.876,557.2,21.213,53.59,122.08,0.863,11,0.3569,0.211,0.4622,429.7138,610.1685,563.4822,528.6583,460.1159,51.8431,0.0022,4,2,2020,1,1,0,0
2020-05,export,437.1745,28.231,41.048,557.2,20.947,32.68,127.46,0.888,11,0.2303,0.1324,0.3969,546.9918,514.3754,353.8585,404.6828,520.0542,73.2263,-0.2008,5,2,2020,1,1,0,0
2020-05,import,465.0873,28.231,41.048,557.2,20.947,32.68,127.46,0.888,11,0.3676,0.2064,0.4814,430.6573,519.9766,575.2105,508.2881,441.8195,20.1561,0.0799,5,2,2020,1,1,0,0
2020-06,export,393.8331,32.5519,43.99,557.2,20.86,42.53,125.48,0.927,11,0.2317,0.1346,0.4009,437.1745,575.9962,347.7934,370.5835,459.3331,78.9471,-0.0991,6,2,2020,1,1,1,0
2020-06,import,499.0598,32.5519,43.99,557.2,20.86,42.53,125.48,0.927,11,0.3788,0.2206,0.4659,465.0873,429.7138,634.0786,540.781,464.9348,34.2015,0.073,6,2,2020,1,1,1,0
2020-07,export,395.8404,36.2435,47.953,557.2,20.648,56.37,106.84,0.858,11,0.2207,0.1316,0.3657,393.8331,546.9918,413.8004,391.588,408.9493,24.4643,0.0051,7,3,2020,1,0,0,0
2020-07,import,519.1968,36.2435,47.953,557.2,20.648,56.37,106.84,0.858,11,0.3538,0.2106,0.4466,499.0598,430.6573,610.1685,615.1333,494.448,27.348,0.0403,7,3,2020,1,0,0,0
2020-08,export,442.7562,43.0935,52.775,557.2,20.076,58.34,107.46,0.828,11,0.246,0.1456,0.3945,395.8404,437.1745,514.3754,455.0424,410.8099,27.6845,0.1185,8,3,2020,1,0,0,0
2020-08,import,533.5237,43.0935,52.775,557.2,20.076,58.34,107.46,0.828,11,0.3376,0.2009,0.4357,519.1968,465.0873,519.9766,637.7631,517.2601,17.3134,0.0276,8,3,2020,1,0,0,0
2020-09,export,528.4301,51.0649,53.784,557.2,19.861,44.02,106.55,1.024,11,0.2306,0.1341,0.4105,442.7562,393.8331,575.9962,464.1197,455.6756,67.2324,0.1935,9,3,2020,1,0,0,0
2020-09,import,484.1743,51.0649,53.784,557.2,19.861,44.02,106.55,1.024,11,0.3498,0.1984,0.4344,533.5237,499.0598,429.7138,535.2343,512.2983,25.3876,-0.0925,9,3,2020,1,0,0,0
2020-10,export,512.7102,61.0386,50.986,557.2,20.675,48.4,121.47,0.868,11,0.2738,0.1522,0.3747,528.4301,395.8404,546.9918,397.1287,494.6322,45.6083,-0.0297,10,4,2020,0,0,0,0
2020-10,import,542.2456,61.0386,50.986,557.2,20.675,48.4,121.47,0.868,11,0.3697,0.2157,0.4624,484.1743,519.1968,430.6573,563.4822,519.9812,31.3148,0.1199,10,4,2020,0,0,0,0
2020-11,export,445.8972,70.4133,40.346,557.2,20.01,35.01,117.18,0.975,11,0.238,0.1402,0.4047,512.7102,442.7562,437.1745,353.8585,495.6792,43.8231,-0.1303,11,4,2020,0,0,0,0
2020-11,import,531.44,70.4133,40.346,557.2,20.01,35.01,117.18,0.975,11,0.3689,0.2074,0.461,542.2456,533.5237,465.0873,575.2105,519.2866,30.8844,-0.0199,11,4,2020,0,0,0,0
2020-12,export,415.704,84.4194,46.41,557.2,19.83,59.74,123.73,0.943,11,0.2296,0.1377,0.4264,445.8972,528.4301,393.8331,347.7934,458.1038,49.6417,-0.0677,12,4,2020,0,0,0,0
2020-12,import,597.8033,84.4194,46.41,557.2,19.83,59.74,123.73,0.943,11,0.427,0.2397,0.5198,531.44,484.1743,499.0598,634.0786,557.1629,35.6079,0.1249,12,4,2020,0,0,0,0
2021-01,export,392.8723,83.1651,11.143,98.6,19.773,98.13,125.6,0.963,11,0.2197,0.1326,0.3839,415.704,512.7102,395.8404,413.8004,418.1578,26.5975,-0.0549,1,1,2021,0,0,0,0
2021-01,import,715.4087,83.1651,11.143,98.6,19.773,98.13,125.6,0.963,11,0.3869,0.2276,0.4851,597.8033,542.2456,519.1968,610.1685,614.884,93.1662,0.1967,1,1,2021,0,0,0,0
2021-02,export,528.0252,94.0044,9.467,98.6,20.243,131.88,130.52,0.962,11,0.2328,0.1453,0.4099,392.8723,445.8972,442.7562,514.3754,445.5338,72.346,0.344,2,1,2021,0,0,0,0
2021-02,import,641.0729,94.0044,9.467,98.6,20.243,131.88,130.52,0.962,11,0.3722,0.2119,0.4597,715.4087,531.44,533.5237,519.9766,651.4283,59.4826,-0.1039,2,1,2021,0,0,0,0
2021-03,export,648.3134,114.7492,7.674,98.6,20.98,193.23,147.24,0.956,11,0.2482,0.1411,0.3812,528.0252,415.704,528.4301,575.9962,523.0703,127.7926,0.2278,3,1,2021,0,0,0,0
2021-03,import,553.5952,114.7492,7.674,98.6,20.98,193.23,147.24,0.956,11,0.3435,0.2059,0.4502,641.0729,597.8033,484.1743,429.7138,636.6922,80.9957,-0.1365,3,1,2021,0,0,0,0
2021-04,export,618.8143,124.4385,10.167,98.6,20.584,130.37,136.19,1.011,11,0.2434,0.141,0.3664,648.3134,392.8723,512.7102,546.9918,598.3843,62.6925,-0.0455,4,2,2021,0,0,0,0
2021-04,import,623.1486,124.4385,10.167,98.6,20.584,130.37,136.19,1.011,11,0.3986,0.2186,0.5096,553.5952,715.4087,542.2456,430.6573,605.9389,46.2084,0.1256,4,2,2021,0,0,0,0
2021-05,export,500.9697,138.8854,7.738,98.6,20.46,156.62,151.62,0.978,11,0.2257,0.1321,0.4165,618.8143,528.0252,445.8972,437.1745,589.3658,77.9612,-0.1904,5,2,2021,0,0,0,0
2021-05,import,605.4147,138.8854,7.738,98.6,20.46,156.62,151.62,0.978,11,0.3579,0.213,0.4648,623.1486,641.0729,531.44,465.0873,594.0528,36.1419,-0.0285,5,2,2021,0,0,0,0
2021-06,export,499.8554,170.0314,7.393,98.6,20.805,127.71,141.23,1.071,11,0.2434,0.1477,0.4054,500.9697,648.3134,415.704,393.8331,539.8798,68.3616,-0.0022,6,2,2021,0,0,0,0
2021-06,import,611.0006,170.0314,7.393,98.6,20.805,127.71,141.23,1.071,11,0.3549,0.2056,0.451,605.4147,553.5952,597.8033,499.0598,613.188,9.0671,0.0092,6,2,2021,0,0,0,0
2021-07,export,472.5328,190.9587,9.937,98.6,21.376,112.91,135.47,1.053,11,0.2194,0.1326,0.412,499.8554,618.8143,392.8723,395.8404,491.1193,16.106,-0.0547,7,3,2021,0,0,0,0
2021-07,import,681.2195,190.9587,9.937,98.6,21.376,112.91,135.47,1.053,11,0.4007,0.2311,0.486,611.0006,623.1486,715.4087,519.1968,632.5449,42.2458,0.1149,7,3,2021,0,0,0,0
2021-08,export,573.5241,222.4543,6.603,98.6,21.089,198.08,129.47,1.067,11,0.2062,0.129,0.3903,472.5328,500.9697,528.0252,442.7562,515.3041,52.238,0.2137,8,3,2021,0,0,0,0
2021-08,import,659.4768,222.4543,6.603,98.6,21.089,198.08,129.47,1.067,11,0.3393,0.1969,0.4443,681.2195,605.4147,641.0729,533.5237,650.5656,35.9476,-0.0319,8,3,2021,0,0,0,0
2021-09,export,599.5156,240.647,5.858,98.6,21.728,129.12,122.18,1.025,11,0.24,0.1371,0.4118,573.5241,499.8554,648.3134,528.4301,548.5242,67.0813,0.0453,9,3,2021,0,0,0,0
2021-09,import,635.3886,240.647,5.858,98.6,21.728,129.12,122.18,1.025,11,0.359,0.2074,0.4616,659.4768,611.0006,553.5952,484.1743,658.6949,22.9255,-0.0365,9,3,2021,0,0,0,0
2021-10,export,521.4225,284.4412,9.377,98.6,20.986,187.29,123.58,1.051,11,0.2356,0.1367,0.3817,599.5156,472.5328,618.8143,512.7102,564.8207,39.7674,-0.1303,10,4,2021,0,0,0,0
2021-10,import,650.1778,284.4412,9.377,98.6,20.986,187.29,123.58,1.051,11,0.3791,0.2147,0.4648,635.3886,681.2195,623.1486,542.2456,648.3477,12.1479,0.0233,10,4,2021,0,0,0,0
2021-11,export,427.6474,302.5018,8.251,98.6,21.822,107.59,123.28,1.016,11,0.2439,0.1459,0.4101,521.4225,573.5241,500.9697,445.8972,516.1951,86.0533,-0.1798,11,4,2021,0,0,0,0
2021-11,import,638.9794,302.5018,8.251,98.6,21.822,107.59,123.28,1.016,11,0.3429,0.1989,0.4387,650.1778,659.4768,605.4147,531.44,641.5152,7.7138,-0.0172,11,4,2021,0,0,0,0
2021-12,export,416.5074,370.5143,8.374,98.6,22.288,105.57,131.06,1.07,11,0.2357,0.1363,0.428,427.6474,599.5156,499.8554,415.704,455.1924,57.6267,-0.026,12,4,2021,0,0,0,0
2021-12,import,635.1173,370.5143,8.374,98.6,22.288,105.57,131.06,1.07,11,0.3597,0.2114,0.4569,638.9794,635.3886,611.0006,597.8033,641.4248,7.8224,-0.006,12,4,2021,0,0,0,0
2022-01,export,611.7151,360.2871,15.243,193.4,22.481,83.74,159.46,1.048,11,0.2591,0.1469,0.3673,416.5074,521.4225,472.5328,392.8723,485.2899,109.629,0.4687,1,1,2022,0,0,0,0
2022-01,import,1097.3954,360.2871,15.243,193.4,22.481,83.74,159.46,1.048,11,0.4098,0.2309,0.5086,635.1173,650.1778,681.2195,715.4087,790.4974,265.7885,0.7279,1,1,2022,0,0,0,0
2022-02,export,824.981,367.7696,15.54,193.4,22.209,158.2,162.71,1.141,11,0.2558,0.1377,0.3689,611.7151,427.6474,573.5241,528.0252,617.7345,204.3034,0.3486,2,1,2022,0,0,0,0
2022-02,import,935.8399,367.7696,15.54,193.4,22.209,158.2,162.71,1.141,11,0.3936,0.2282,0.4708,1097.3954,638.9794,659.4768,641.0729,889.4509,234.6044,-0.1472,2,1,2022,0,0,0,0
2022-03,export,945.6535,418.5428,15.009,193.4,22.358,124.22,168.76,1.053,11,0.244,0.1387,0.3527,824.981,416.5074,599.5156,648.3134,794.1165,169.0952,0.1463,3,1,2022,0,0,0,0
2022-03,import,1014.7252,418.5428,15.009,193.4,22.358,124.22,168.76,1.053,11,0.3815,0.2249,0.4753,935.8399,635.1173,635.3886,553.5952,1015.9868,80.7852,0.0843,3,1,2022,0,0,0,0
2022-04,export,923.5559,406.5678,14.603,193.4,23.085,183.72,170.62,1.034,11,0.2285,0.1385,0.4044,945.6535,611.7151,521.4225,618.8143,898.0635,64.2484,-0.0234,4,2,2022,0,0,0,0
2022-04,import,967.5655,406.5678,14.603,193.4,23.085,183.72,170.62,1.034,11,0.3569,0.2042,0.4545,1014.7252,1097.3954,650.1778,623.1486,972.7102,39.6935,-0.0465,4,2,2022,0,0,0,0
2022-05,export,814.1953,429.1493,15.193,193.4,23.181,136.79,178.44,0.989,11,0.2382,0.1389,0.3713,923.5559,824.981,427.6474,500.9697,894.4683,70.3909,-0.1184,5,2,2022,0,0,1,0
2022-05,import,934.7702,429.1493,15.193,193.4,23.181,136.79,178.44,0.989,11,0.3453,0.1986,0.4351,967.5655,935.8399,638.9794,605.4147,972.3536,40.192,-0.0339,5,2,2022,0,0,1,0
2022-06,export,608.4181,487.3718,15.117,193.4,23.828,196.18,166.26,0.985,11,0.2593,0.1405,0.3769,814.1953,945.6535,416.5074,499.8554,782.0565,160.0082,-0.2527,6,2,2022,0,0,0,0
2022-06,import,998.9795,487.3718,15.117,193.4,23.828,196.18,166.26,0.985,11,0.339,0.2114,0.4371,934.7702,1014.7252,635.1173,611.0006,967.1051,32.1071,0.0687,6,2,2022,0,0,0,0
2022-07,export,720.6175,519.3201,14.114,193.4,24.225,102.26,153.56,1.073,11,0.21,0.1322,0.3908,608.4181,923.5559,611.7151,472.5328,714.4103,103.0289,0.1844,7,3,2022,0,0,0,0
2022-07,import,1078.555,519.3201,14.114,193.4,24.225,102.26,153.56,1.073,11,0.3636,0.2148,0.4484,998.9795,967.5655,1097.3954,681.2195,1004.1015,72.0291,0.0797,7,3,2022,0,0,0,0
2022-08,export,779.1432,556.4285,14.799,193.4,24.186,184.23,157.88,0.91,11,0.2633,0.1456,0.3638,720.6175,814.1953,824.981,573.5241,702.7263,86.7573,0.0812,8,3,2022,0,0,0,0
2022-08,import,1178.0115,556.4285,14.799,193.4,24.186,184.23,157.88,0.91,11,0.3832,0.2223,0.4707,1078.555,934.7702,935.8399,659.4768,1085.182,89.6998,0.0922,8,3,2022,0,0,0,0
2022-09,export,860.1561,585.3249,10.066,193.4,25.178,173.19,158.46,0.867,11,0.2447,0.1367,0.4321,779.1432,608.4181,945.6535,599.5156,786.6389,70.0706,0.104,9,3,2022,0,0,0,0
2022-09,import,986.2003,585.3249,10.066,193.4,25.178,173.19,158.46,0.867,11,0.3499,0.2035,0.4708,1178.0115,998.9795,1014.7252,635.3886,1080.9223,95.9275,-0.1628,9,3,2022,0,0,0,0
2022-10,export,805.1062,633.2165,17.772,193.4,25.244,172.51,130.14,0.901,11,0.2589,0.1491,0.4042,860.1561,720.6175,923.5559,521.4225,814.8019,41.3675,-0.064,10,4,2022,0,0,0,0
2022-10,import,1001.396,633.2165,17.772,193.4,25.244,172.51,130.14,0.901,11,0.3486,0.192,0.4435,986.2003,1078.555,967.5655,650.1778,1055.2026,106.6267,0.0154,10,4,2022,0,0,0,0
2022-11,export,659.2201,655.6119,17.06,193.4,25.97,181.37,126.66,0.724,11,0.2517,0.146,0.4046,805.1062,779.1432,814.1953,427.6474,774.8275,103.8336,-0.1812,11,4,2022,0,0,0,0
2022-11,import,940.0285,655.6119,17.06,193.4,25.97,181.37,126.66,0.724,11,0.3599,0.2011,0.4564,1001.396,1178.0115,934.7702,638.9794,975.8749,31.9602,-0.0613,11,4,2022,0,0,0,0
2022-12,export,587.2379,677.3011,15.911,193.4,25.447,171.32,127.54,0.828,11,0.2583,0.1413,0.3657,659.2201,860.1561,608.4181,416.5074,683.8547,111.0036,-0.1092,12,4,2022,0,0,0,0
2022-12,import,966.533,677.3011,15.911,193.4,25.447,171.32,127.54,0.828,11,0.3438,0.206,0.4375,940.0285,986.2003,998.9795,635.1173,969.3192,30.7785,0.0282,12,4,2022,0,0,0,0
2023-01,export,481.5418,678.4983,4.108,47.6,25.695,101.48,139.77,0.781,11,0.2234,0.1375,0.4302,587.2379,805.1062,720.6175,611.7151,575.9999,89.3706,-0.18,1,1,2023,0,0,0,0
2023-01,import,868.2915,678.4983,4.108,47.6,25.695,101.48,139.77,0.781,11,0.3239,0.1923,0.4112,966.533,1001.396,1078.555,1097.3954,924.951,50.8267,-0.1016,1,1,2023,0,0,0,0
2023-02,export,671.8628,800.6186,4.129,47.6,26.991,85.92,146.09,0.813,11,0.2317,0.1328,0.3738,481.5418,659.2201,779.1432,824.981,580.2142,95.3547,0.3952,2,1,2023,0,0,0,0
2023-02,import,730.1792,800.6186,4.129,47.6,26.991,85.92,146.09,0.813,11,0.3381,0.1992,0.4509,868.2915,940.0285,1178.0115,935.8399,855.0012,118.736,-0.1591,2,1,2023,0,0,0,0
2023-03,export,735.2325,967.2985,3.536,47.6,27.433,109.3,147.66,0.95,11,0.2541,0.1377,0.3829,671.8628,587.2379,860.1561,945.6535,629.5457,132.0333,0.0943,3,1,2023,0,0,0,0
2023-03,import,740.8507,967.2985,3.536,47.6,27.433,109.3,147.66,0.95,11,0.369,0.2116,0.4527,730.1792,966.533,986.2003,1014.7252,779.7738,76.844,0.0146,3,1,2023,0,0,0,0
2023-04,export,729.1925,1101.0306,3.65,47.6,28.46,66.35,155.77,0.99,11,0.2271,0.1409,0.4044,735.2325,481.5418,805.1062,923.5559,712.0959,34.9735,-0.0082,4,2,2023,0,0,0,0
2023-04,import,715.8525,1101.0306,3.65,47.6,28.46,66.35,155.77,0.99,11,0.3508,0.1993,0.4468,740.8507,868.2915,1001.396,967.5655,728.9608,12.5435,-0.0337,4,2,2023,0,0,0,0
2023-05,export,586.2983,1365.7331,4.281,47.6,29.346,89.11,159.76,0.96,11,0.2211,0.1343,0.3623,729.1925,671.8628,659.2201,814.1953,683.5744,84.2977,-0.196,5,2,2023,0,0,0,0
2023-05,import,681.7216,1365.7331,4.281,47.6,29.346,89.11,159.76,0.96,11,0.3647,0.2164,0.4397,715.8525,730.1792,940.0285,934.7702,712.8083,29.6819,-0.0477,5,2,2023,0,0,0,0
2023-06,export,502.9218,1601.1377,4.09,47.6,30.229,146.94,149.29,1.08,11,0.2409,0.1399,0.3625,586.2983,735.2325,587.2379,608.4181,606.1376,114.4325,-0.1422,6,2,2023,0,0,0,0
2023-06,import,728.2363,1601.1377,4.09,47.6,30.229,146.94,149.29,1.08,11,0.3699,0.2097,0.4672,681.7216,740.8507,966.533,998.9795,708.6035,24.0898,0.0682,6,2,2023,0,0,0,0
2023-07,export,598.0421,1921.949,5.182,47.6,30.815,75.81,143.47,1.031,11,0.2243,0.1302,0.4053,502.9218,729.1925,481.5418,720.6175,562.4207,51.8611,0.1891,7,3,2023,0,0,0,0
2023-07,import,801.818,1921.949,5.182,47.6,30.815,75.81,143.47,1.031,11,0.3692,0.232,0.4557,728.2363,715.8525,868.2915,1078.555,737.2586,60.5544,0.101,7,3,2023,0,0,0,0
2023-08,export,670.6677,2282.397,4.93,47.6,31.899,115.67,133.5,1.252,11,0.2571,0.1452,0.3941,598.0421,586.2983,671.8628,779.1432,590.5439,84.124,0.1214,8,3,2023,0,0,0,0
2023-08,import,830.5889,2282.397,4.93,47.6,31.899,115.67,133.5,1.252,11,0.3459,0.2129,0.4685,801.818,681.7216,730.1792,1178.0115,786.881,52.7858,0.0359,8,3,2023,0,0,0,0
2023-09,export,632.7347,2489.9913,4.522,47.6,32.456,82.52,138.86,1.314,11,0.2152,0.1326,0.3843,670.6677,502.9218,735.2325,860.1561,633.8148,36.3249,-0.0566,9,3,2023,0,0,0,0
2023-09,import,762.8445,2489.9913,4.522,47.6,32.456,82.52,138.86,1.314,11,0.3319,0.2104,0.4125,830.5889,728.2363,740.8507,986.2003,798.4171,34.0,-0.0816,9,3,2023,0,0,0,0
2023-10,export,610.4056,3105.1972,3.513,47.6,33.73,127.35,131.78,1.323,11,0.2818,0.1502,0.3501,632.7347,598.0421,729.1925,805.1062,637.936,30.4659,-0.0353,10,4,2023,0,0,0,0
2023-10,import,780.2071,3105.1972,3.513,47.6,33.73,127.35,131.78,1.323,11,0.3667,0.2169,0.4649,762.8445,801.818,715.8525,1001.396,791.2135,35.1878,0.0228,10,4,2023,0,0,0,0
2023-11,export,502.7114,3777.3348,3.631,47.6,34.329,63.09,131.8,1.452,11,0.217,0.1313,0.3657,610.4056,670.6677,586.2983,659.2201,581.9506,69.5254,-0.1764,11,4,2023,0,0,0,0
2023-11,import,777.1542,3777.3348,3.631,47.6,34.329,63.09,131.8,1.452,11,0.3626,0.2119,0.4402,780.2071,830.5889,681.7216,940.0285,773.4019,9.2695,-0.0039,11,4,2023,0,0,0,0
2023-12,export,498.3888,4492.5095,3.37,47.6,35.247,146.98,139.18,1.423,11,0.234,0.1424,0.3955,502.7114,632.7347,502.9218,587.2379,537.1686,63.4619,-0.0086,12,4,2023,0,0,0,0
2023-12,import,782.2555,4492.5095,3.37,47.6,35.247,146.98,139.18,1.423,11,0.347,0.211,0.4483,777.1542,762.8445,728.2363,966.533,779.8723,2.5671,0.0066,12,4,2023,0,0,0,0
2024-01,export,490.7223,4535.0176,4.081,47.0,35.971,95.38,147.23,1.502,11,0.2321,0.1327,0.3783,498.3888,610.4056,598.0421,481.5418,497.2742,6.0718,-0.0154,1,1,2024,0,0,0,1
2024-01,import,889.3506,4535.0176,4.081,47.0,35.971,95.38,147.23,1.502,11,0.3999,0.2391,0.4809,782.2555,780.2071,801.818,868.2915,816.2534,63.3553,0.1369,1,1,2024,0,0,0,1
2024-02,export,665.6096,5361.8032,2.306,47.0,35.013,73.61,152.32,1.558,11,0.2625,0.1481,0.3878,490.7223,502.7114,670.6677,671.8628,551.5736,98.8325,0.3564,2,1,2024,0,0,0,1
2024-02,import,739.0826,5361.8032,2.306,47.0,35.013,73.61,152.32,1.558,11,0.3604,0.2163,0.4503,889.3506,777.1542,830.5889,730.1792,803.5629,77.3668,-0.169,2,1,2024,0,0,0,1
2024-03,export,789.8989,6559.7136,3.647,47.0,35.907,57.35,161.4,1.491,11,0.2749,0.1474,0.3455,665.6096,498.3888,632.7347,735.2325,648.7436,150.2997,0.1867,3,1,2024,0,0,0,1
2024-03,import,701.5053,6559.7136,3.647,47.0,35.907,57.35,161.4,1.491,11,0.3412,0.2106,0.4408,739.0826,782.2555,762.8445,740.8507,776.6461,99.3968,-0.0508,3,1,2024,0,0,0,1
2024-04,export,764.6597,7478.1663,3.736,47.0,34.839,66.98,160.14,1.509,11,0.2822,0.1574,0.3728,789.8989,490.7223,610.4056,729.1925,740.0561,65.696,-0.032,4,2,2024,0,0,1,0
2024-04,import,740.5038,7478.1663,3.736,47.0,34.839,66.98,160.14,1.509,11,0.3793,0.2148,0.4928,701.5053,889.3506,780.2071,715.8525,727.0306,22.117,0.0556,4,2,2024,0,0,1,0
2024-05,export,569.5662,8666.0736,3.021,47.0,35.158,101.98,156.28,1.472,11,0.2731,0.1458,0.3486,764.6597,665.6096,502.7114,586.2983,708.0416,120.5854,-0.2551,5,2,2024,0,0,0,0
2024-05,import,743.0759,8666.0736,3.021,47.0,35.158,101.98,156.28,1.472,11,0.3964,0.2437,0.4787,740.5038,739.0826,777.1542,681.7216,728.3617,23.2939,0.0035,5,2,2024,0,0,0,0
2024-06,export,520.8407,9834.3528,4.385,47.0,35.555,83.7,155.05,1.467,11,0.2506,0.1414,0.3614,569.5662,789.8989,498.3888,502.9218,618.3555,129.0241,-0.0855,6,2,2024,0,0,0,0
2024-06,import,834.6873,9834.3528,4.385,47.0,35.555,83.7,155.05,1.467,11,0.3793,0.2274,0.4579,743.0759,701.5053,782.2555,728.2363,772.7557,53.6498,0.1233,6,2,2024,0,0,0,0
2024-07,export,552.4,11696.7762,3.247,47.0,35.719,132.89,149.86,1.457,11,0.2297,0.1315,0.3963,520.8407,764.6597,490.7223,598.0421,547.6023,24.7145,0.0606,7,3,2024,0,0,0,0
2024-07,import,827.5345,11696.7762,3.247,47.0,35.719,132.89,149.86,1.457,11,0.322,0.2032,0.4203,834.6873,740.5038,889.3506,801.818,801.7659,50.9527,-0.0086,7,3,2024,0,0,0,0
2024-08,export,651.2038,14634.3001,4.074,47.0,36.279,93.09,137.1,1.427,11,0.2403,0.1416,0.3962,552.4,569.5662,665.6096,670.6677,574.8148,68.0107,0.1789,8,3,2024,0,0,0,0
2024-08,import,890.8998,14634.3001,4.074,47.0,36.279,93.09,137.1,1.427,11,0.3426,0.2064,0.4352,827.5345,743.0759,739.0826,830.5889,851.0405,34.7039,0.0766,8,3,2024,0,0,0,0
2024-09,export,753.5782,17548.0394,5.552,47.0,36.451,74.87,142.91,1.465,11,0.2418,0.1514,0.4046,651.2038,520.8407,789.8989,632.7347,652.394,100.5944,0.1572,9,3,2024,0,0,0,0
2024-09,import,786.5271,17548.0394,5.552,47.0,36.451,74.87,142.91,1.465,11,0.3321,0.2133,0.4396,890.8998,834.6873,701.5053,762.8445,834.9871,52.5839,-0.1172,9,3,2024,0,0,0,0
2024-10,export,629.4414,21010.4856,2.97,47.0,36.433,111.71,135.92,1.406,11,0.2354,0.1356,0.4011,753.5782,552.4,764.6597,610.4056,678.0745,66.2874,-0.1647,10,4,2024,0,0,0,0
2024-10,import,750.8016,21010.4856,2.97,47.0,36.433,111.71,135.92,1.406,11,0.3505,0.2119,0.432,786.5271,827.5345,740.5038,780.2071,809.4095,72.7982,-0.0454,10,4,2024,0,0,0,0
2024-11,export,501.279,23123.7611,3.829,47.0,36.61,120.68,138.05,1.426,11,0.2391,0.1353,0.3865,629.4414,651.2038,569.5662,502.7114,628.0996,126.155,-0.2036,11,4,2024,0,0,0,0
2024-11,import,775.1765,23123.7611,3.829,47.0,36.61,120.68,138.05,1.426,11,0.3353,0.1996,0.4493,750.8016,890.8998,743.0759,777.1542,770.8351,18.2541,0.0325,11,4,2024,0,0,0,0
2024-12,export,510.8001,27744.7539,3.677,47.0,36.958,66.7,146.97,1.376,11,0.2408,0.1367,0.3584,501.279,753.5782,520.8407,498.3888,547.1735,71.4049,0.019,12,4,2024,0,0,0,0
2024-12,import,820.855,27744.7539,3.677,47.0,36.958,66.7,146.97,1.376,11,0.3564,0.2131,0.4607,775.1765,786.5271,834.6873,782.2555,782.2777,35.5624,0.0589,12,4,2024,0,0,0,0
2025-01,export,577.5752,28203.5603,0.91,12.0,37.05,66.76,153.37,1.323,11,0.2916,0.1559,0.3676,510.8001,629.4414,552.4,490.7223,529.8848,41.5746,0.1307,1,1,2025,0,0,0,0
2025-01,import,943.9793,28203.5603,0.91,12.0,37.05,66.76,153.37,1.323,11,0.3286,0.1985,0.4272,820.855,750.8016,827.5345,889.3506,846.6703,87.3122,0.15,1,1,2025,0,0,0,0
2025-02,export,731.4603,30328.8612,1.114,12.0,36.511,53.67,154.0,1.446,11,0.2714,0.1466,0.3797,577.5752,501.279,651.2038,665.6096,606.6119,113.1595,0.2664,2,1,2025,0,0,0,0
2025-02,import,742.5197,30328.8612,1.114,12.0,36.511,53.67,154.0,1.446,11,0.3609,0.2153,0.4569,943.9793,775.1765,890.8998,739.0826,835.7847,101.5562,-0.2134,2,1,2025,0,0,0,0
2025-03,export,763.9313,29259.8417,1.166,12.0,36.91,123.64,164.83,1.425,11,0.3041,0.1573,0.3532,731.4603,510.8001,753.5782,789.8989,690.9889,99.5519,0.0444,3,1,2025,0,0,0,0
2025-03,import,834.1303,29259.8417,1.166,12.0,36.91,123.64,164.83,1.425,11,0.3657,0.2139,0.4476,742.5197,820.855,786.5271,701.5053,840.2098,100.8673,0.1234,3,1,2025,0,0,0,0
2025-04,export,761.354,31141.7483,1.116,12.0,37.106,116.38,161.4,1.514,11,0.2414,0.1357,0.3734,763.9313,577.5752,629.4414,764.6597,752.2485,18.0492,-0.0034,4,2,2025,0,0,0,0
2025-04,import,727.341,31141.7483,1.116,12.0,37.106,116.38,161.4,1.514,11,0.3558,0.2174,0.4404,834.1303,943.9793,750.8016,740.5038,767.997,57.7738,-0.128,4,2,2025,0,0,0,0
2025-05,export,660.3585,30521.5762,0.891,12.0,37.382,97.46,169.73,1.348,11,0.2601,0.1449,0.387,761.354,731.4603,501.279,569.5662,728.5479,59.0678,-0.1327,5,2,2025,0,0,0,0
2025-05,import,788.6369,30521.5762,0.891,12.0,37.382,97.46,169.73,1.348,11,0.347,0.1989,0.4385,727.341,742.5197,775.1765,743.0759,783.3694,53.5892,0.0843,5,2,2025,0,0,0,0
2025-06,export,538.8679,32061.1725,1.365,12.0,37.114,134.42,155.17,1.39,11,0.2969,0.1542,0.3522,660.3585,763.9313,510.8001,520.8407,653.5268,111.4003,-0.184,6,2,2025,0,0,0,0
2025-06,import,859.0145,32061.1725,1.365,12.0,37.114,134.42,155.17,1.39,11,0.3486,0.1992,0.4723,788.6369,834.1303,820.855,834.6873,791.6641,65.8889,0.0892,6,2,2025,0,0,0,0
2025-07,export,602.0383,32598.0297,0.734,12.0,37.428,130.57,153.86,1.394,11,0.2597,0.1429,0.3653,538.8679,761.354,577.5752,552.4,600.4216,60.7615,0.1172,7,3,2025,0,0,0,0
2025-07,import,832.5209,32598.0297,0.734,12.0,37.428,130.57,153.86,1.394,11,0.356,0.2254,0.444,859.0145,727.341,943.9793,827.5345,826.7241,35.5451,-0.0308,7,3,2025,0,0,0,0
2025-08,export,724.2157,32432.9611,0.845,12.0,37.573,108.54,144.19,1.449,11,0.2754,0.15,0.3299,602.0383,660.3585,731.4603,651.2038,621.7073,94.2264,0.2029,8,3,2025,0,0,0,0
2025-08,import,894.2996,32432.9611,0.845,12.0,37.573,108.54,144.19,1.449,11,0.3475,0.2056,0.4319,832.5209,788.6369,742.5197,890.8998,861.945,30.9935,0.0742,8,3,2025,0,0,0,0
2025-09,export,712.0054,31925.3675,1.025,12.0,37.461,136.83,152.24,1.375,11,0.2436,0.1388,0.3605,724.2157,538.8679,763.9313,753.5782,679.4198,67.2919,-0.0169,9,3,2025,0,0,0,0
2025-09,import,821.9715,31925.3675,1.025,12.0,37.461,136.83,152.24,1.375,11,0.3316,0.1966,0.4241,894.2996,859.0145,834.1303,786.5271,849.5973,39.071,-0.0809,9,3,2025,0,0,0,0
2025-10,export,649.1413,33337.1007,1.013,12.0,37.563,70.58,137.21,1.341,11,0.2406,0.1417,0.38,712.0054,602.0383,761.354,629.4414,695.1208,40.2848,-0.0883,10,4,2025,0,0,0,0
2025-10,import,802.2201,33337.1007,1.013,12.0,37.563,70.58,137.21,1.341,11,0.3663,0.2154,0.466,821.9715,832.5209,727.341,750.8016,839.4971,48.477,-0.024,10,4,2025,0,0,0,0
2025-11,export,482.666,35829.251,1.073,12.0,37.921,61.19,146.29,1.46,11,0.2856,0.1493,0.3597,649.1413,724.2157,660.3585,501.279,614.6042,118.5063,-0.2565,11,4,2025,0,0,0,0
2025-11,import,722.7543,35829.251,1.073,12.0,37.921,61.19,146.29,1.46,11,0.3537,0.2129,0.4616,802.2201,894.2996,788.6369,775.1765,782.3153,52.5182,-0.0991,11,4,2025,0,0,0,0
2025-12,export,496.3861,35921.7164,1.237,12.0,37.961,76.97,146.06,1.384,11,0.2304,0.1298,0.3476,482.666,712.0054,538.8679,510.8001,542.7311,92.4089,0.0284,12,4,2025,0,0,0,0
2025-12,import,830.6117,35921.7164,1.237,12.0,37.961,76.97,146.06,1.384,11,0.3227,0.1969,0.4106,722.7543,821.9715,859.0145,820.855,785.1954,55.9078,0.1492,12,4,2025,0,0,0,0
